Last Name,First Name,Email Address,Employee ID
Smith,John,john.smith@email.com,EMP001
Johnson,Alice,alice.johnson@email.com,EMP002
Williams,Michael,michael.williams@email.com,EMP003
Jones,Emily,emily.jones@email.com,EMP004
Brown,Robert,robert.brown@email.com,EMP005
Davis,Emma,emma.davis@email.com,EMP006
Miller,Matthew,matthew.miller@email.com,EMP007
Garcia,Olivia,olivia.garcia@email.com,EMP008
Rodriguez,Liam,liam.rodriguez@email.com,EMP009
Martinez,Sophia,sophia.martinez@email.com,EMP010
Jackson,Noah,noah.jackson@email.com,EMP011
Taylor,Chloe,chloe.taylor@email.com,EMP012
Anderson,Aiden,aiden.anderson@email.com,EMP013
Thomas,Mia,mia.thomas@email.com,EMP014
Hernandez,Ethan,ethan.hernandez@email.com,EMP015
Moore,Ella,ella.moore@email.com,EMP016
Martin,Avery,avery.martin@email.com,EMP017
Lee,James,james.lee@email.com,EMP018
Harris,Isabella,isabella.harris@email.com,EMP019
Clark,William,william.clark@email.com,EMP020
Lewis,Sofia,sofia.lewis@email.com,EMP021
Young,David,david.young@email.com,EMP022
Hall,Abigail,abigail.hall@email.com,EMP023
Wright,Evelyn,evelyn.wright@email.com,EMP024
Turner,Logan,logan.turner@email.com,EMP025
King,Grace,grace.king@email.com,EMP026
Adams,Lucas,lucas.adams@email.com,EMP027
Hill,Zoe,zoe.hill@email.com,EMP028
Cooper,Lily,lily.cooper@email.com,EMP029
Allen,Daniel,daniel.allen@email.com,EMP030
Ward,Harper,harper.ward@email.com,EMP031
Morris,Henry,henry.morris@email.com,EMP032
Baker,Victoria,victoria.baker@email.com,EMP033
Nguyen,Alexander,alexander.nguyen@email.com,EMP034
Rivera,Sophie,sophie.rivera@email.com,EMP035
Gomez,Nathan,nathan.gomez@email.com,EMP036
Kelly,Hailey,hailey.kelly@email.com,EMP037
Cox,Ava,ava.cox@email.com,EMP038
Diaz,Eli,eli.diaz@email.com,EMP039
Reed,Penelope,penelope.reed@email.com,EMP040
Stewart,Jason,jason.stewart@email.com,EMP041
Perez,Scarlett,scarlett.perez@email.com,EMP042
Turner,Caleb,caleb.turner@email.com,EMP043
Scott,Leah,leah.scott@email.com,EMP044
Collins,Adrian,adrian.collins@email.com,EMP045
Murphy,Aria,aria.murphy@email.com,EMP046
Brooks,Austin,austin.brooks@email.com,EMP047
Ward,Ava,ava.ward@email.com,EMP048
Fisher,Natalie,natalie.fisher@email.com,EMP049
Price,Lucas,lucas.price@email.com,EMP050
